<?xml version="1.0" encoding="UTF-8"?>
<map proto="1.3.3">

  <!--
  v-1.0.0 2015/12/02 初版
  v-1.0.1 2015/12/02 XMLの一部修正, Tutorialの追加, その他設定の追加
  -->

  <name>White Christmas</name>
  <version>1.0.1</version>
  <objective>Capture the wool from the enemies wool rooms and return them to your victory monument.</objective>

  <!-- Map制作関係者 -->
  <authors>
    <author contribution="XMLCoding">hayatarou_</author>
    <author contribution="Building">toufuu3</author>
  </authors>

  <!-- チーム -->
  <teams>
    <team color="dark_green" max="16">Green Team</team>
    <team color="dark_red" max="16">Red Team</team>
  </teams>

  <!-- キット -->
  <kits>
    <kit name="spawn_kit">
      <item slot="0" bind="true">iron_sword</item>
      <item slot="1" enchantment="durability:3" bind="true">bow</item>
      <item slot="2" bind="true">iron_spade</item>
      <item slot="3" bind="true">iron_pickaxe</item>
      <item slot="4" bind="true">iron_axe</item>
      <item slot="5" amount="32">wood</item>
      <item slot="6" damage="1" amount="32">stained_clay</item>
      <item slot="7" amount="2">golden_apple</item>
      <item slot="8" amount="64">pumpkin_pie</item>
      <item slot="9" amount="32">arrow</item>
      <potion duration="6" amplifier="100">damage_resistance</potion>
      <potion duration="6" amplifier="100">regeneration</potion>
    </kit>

    <kit name="green_kit" parents="spawn_kit">
      <helmet color="55FF55" damage="-3000" bind="true">leather helmet</helmet>
      <chestplate bind="true">chainmail_chestplate</chestplate>
      <leggings color="55FF55" damage="-3000" bind="true">leather_leggings</leggings>
      <boots color="55FF55" damage="-3000" bind="true">leather_boots</boots>
    </kit>

    <kit name="red_kit" parents="spawn_kit">
      <helmet color="FF5555" damage="-3000" bind="true">leather_helmet</helmet>
      <chestplate bind="true">chainmail_chestplate</chestplate>
      <leggings color="FF5555" damage="-3000" bind="true">leather_leggings</leggings>
      <boots color="FF5555" damage="-3000" bind="true">leather_boots</boots>
    </kit>
  </kits>

  <!-- アイテム -->
  <itemremove>
    <item>leather_helmet</item>
    <item>diamond_leggings</item>
    <item>pumpkin_pie</item>
  </itemremove>

  <!-- キル報酬 -->
  <killreward>
    <item amount="1">golden_apple</item>
  </killreward>

  <!-- スポーン -->
  <spawns>
    <spawn team="dark_green" yaw="180" kit="green_kit">
      <block>0,24,73</block>
    </spawn>

    <spawn team="dark_red" yaw="0" kit="red_kit">
      <block>0,24,-73</block>
    </spawn>

    <default yaw="-90">
      <block>-75,2,0</block>
    </default>
  </spawns>

  <!-- フィルター -->
  <filters>
    <filter name="only_green">
      <team>dark_green</team>
    </filter>

    <filter name="only_red">
      <team>dark_red</team>
    </filter>

    <filter name="break_iron">
      <block>iron_block</block>
    </filter>

    <filter name="break_wool">
      <block>wool</block>
    </filter>
  </filters>

  <!-- リージョン -->
  <regions>
    <rectangle name="green_base" min="-12,63" max="12,77"/>
    <rectangle name="red_base" min="-12,-63" max="12,-77"/>
    <rectangle name="pink_wool_room" min="16,94" max="36,108"/>
    <rectangle name="magenta_wool_room" min="-16,94" max="-36,108"/>
    <rectangle name="lime_wool_room" min="-16,-94" max="-36,-108"/>
    <rectangle name="cyan_wool_room" min="16,-94" max="36,-108"/>
    <cuboid name="green_base_iron" min="5,16,66" max="-5,14,68"/>
    <cuboid name="red_base_iron" min="-5,16,-66" max="5,14,-68"/>
    <rectangle name="void" min="-36,-108" max="36,108"/>

    <negative name="void_negative">
      <region name="void"/>
    </negative>

    <union name="bases">
      <region name="green_base"/>
      <region name="red_base"/>
    </union>

    <complement name="bases_complement">
      <region name="bases"/>
      <block>-9,24,-73</block>
      <block>9,24,-73</block>
      <block>-9,24,73</block>
      <block>9,24,73</block>
    </complement>

    <union name="bases_iron">
      <region name="green_base_iron"/>
      <region name="red_base_iron"/>
    </union>

    <union name="wool_rooms">
      <region name="pink_wool_room"/>
      <region name="magenta_wool_room"/>
      <region name="lime_wool_room"/>
      <region name="cyan_wool_room"/>
    </union>

    <union name="green_team_wool_rooms">
      <region name="pink_wool_room"/>
      <region name="magenta_wool_room"/>
    </union>

    <union name="red_team_wool_rooms">
      <region name="lime_wool_room"/>
      <region name="cyan_wool_room"/>
    </union>

    <apply enter="only_green" message="You can't enter the enemy team's spawn!">
      <region name="green_base"/>
    </apply>

    <apply enter="only_red" message="You can't enter the enemy team's spawn!">
      <region name="red_base"/>
    </apply>

    <apply enter="only_green" message="You can't enter your own wool room!">
      <region name="red_team_wool_rooms"/>
    </apply>

    <apply enter="only_red" message="You can't enter your own wool room!">
      <region name="green_team_wool_rooms"/>
    </apply>

    <apply block-break="break_iron" block-place="deny-place" message="You can't modify the base!">
      <region name="bases_complement"/>
    </apply>

    <apply block-break="break_wool" block-place="deny-place" message="You can't modify the wool room!">
      <region name="wool_rooms"/>
    </apply>

    <apply block="deny-blocks" message="You can't modify the void area!">
      <region name="void_negative"/>
    </apply>
  </regions>

  <!-- 台座 -->
  <wools>
    <wool team="green" color="lime">
      <block>9,24,73</block>
    </wool>

    <wool team="green" color="cyan">
      <block>-9,24,73</block>
    </wool>

    <wool team="red" color="pink">
      <block>-9,24,-73</block>
    </wool>

    <wool team="red" color="magenta">
      <block>9,24,-73</block>
    </wool>
  </wools>

  <!-- ブロックドロップ -->
  <blockdrops>
    <rule>
      <region>
        <region name="bases_iron"/>
      </region>

      <filter>
        <block>iron_block</block>
      </filter>

      <replacement>iron_block</replacement>

      <drops>
        <item>iron_block</item>
      </drops>

      <direct>true</direct>

      <experience>0</experience>
    </rule>

    <rule>
      <region>
        <block>-26,23,106</block>
      </region>

      <filter>
        <block>wool:2</block>
      </filter>

      <replacement>wool:2</replacement>

      <drops>
        <item amount="2" damage="2">wool</item>
      </drops>

      <direct>true</direct>

      <wrongtool>true</wrongtool>

      <experience>0</experience>
    </rule>

    <rule>
      <region>
        <block>26,23,106</block>
      </region>

      <filter>
        <block>wool:6</block>
      </filter>

      <replacement>wool:6</replacement>

      <drops>
        <item amount="2" damage="6">wool</item>
      </drops>

      <direct>true</direct>

      <wrongtool>true</wrongtool>

      <experience>0</experience>
    </rule>

    <rule>
      <region>
        <block>26,23,-106</block>
      </region>

      <filter>
        <block>wool:9</block>
      </filter>

      <replacement>wool:9</replacement>

      <drops>
        <item amount="2" damage="9">wool</item>
      </drops>

      <direct>true</direct>

      <wrongtool>true</wrongtool>

      <experience>0</experience>
    </rule>

    <rule>
      <region>
        <block>-26,23,-106</block>
      </region>

      <filter>
        <block>wool:5</block>
      </filter>

      <replacement>wool:5</replacement>

      <drops>
        <item amount="2" damage="5">wool</item>
      </drops>

      <direct>true</direct>

      <wrongtool>true</wrongtool>

      <experience>0</experience>
    </rule>
  </blockdrops>

  <!-- 言語 -->
  <locales>
    <locale lang="ja_JP">
      <string name="You can't modify the base!" value="拠点は編集出来ません。"/>
      <string name="You can't modify the wool room!" value="羊毛部屋は編集出来ません。"/>
      <string name="You can't enter the enemy team's spawn!" value="敵チームのスポーンに侵入することはできません。"/>
      <string name="You can't enter your own wool room!" value="自チームの羊毛部屋に侵入することはできません。"/>
      <string name="You can't modify the void area!" value="指定範囲以外を編集することはできません。"/>
      <string name="Capture the wool from the enemies wool rooms and return them to your victory monument." value="敵の羊毛部屋から羊毛を奪取し、台座に設置する。"/>
    </locale>
  </locales>

  <!-- その他設定 -->
  <maxbuildheight>60</maxbuildheight>
  <autorespawn time="5s"/>
  <difficulty>NORMAL</difficulty>

  <!-- チュートリアル -->
  <include src="tutorial.xml"/>
  <tutorial>
    <stage title="Capture The Wool">
      <message>
        <line>This map is a `d`lCapture The Wool`r Map.</line>
        <line>[`5Objective`r] Capture the wool from the enemies wool rooms and return them to your victory monument.</line>
      </message>
      <message lang="ja_JP">
        <line>このマップは `d`lCapture The Wool`r マップです。</line>
        <line>[`5目標`r] 敵の羊毛部屋から羊毛を奪取し、台座に設置する。</line>
      </message>
    </stage>

    <stage title="Green Team Base">
      <title lang="ja_JP">グリーン チーム 拠点</title>
      <message>
        <line>[`5Base`r] This is `2Green Team`r Base.</line>
      </message>
      <message lang="ja_JP">
        <line>[`5拠点`r] ここは `2グリーンチーム`r の拠点です。</line>
      </message>
      <teleport>
        <point yaw="0" pitch="30">0.5,32,55.5</point>
      </teleport>
    </stage>

    <stage title="Red Team Base">
      <title lang="ja_JP">レッド チーム 拠点</title>
      <message>
        <line>[`5Base`r] This is `4Red Team`r Base.</line>
      </message>
      <message lang="ja_JP">
        <line>[`5拠点`r] ここは `4レッド チーム`r の拠点です。</line>
      </message>
      <teleport>
        <point yaw="-180" pitch="30">0.5,32,-55.5</point>
      </teleport>
    </stage>

    <stage title="Green Team Wool Room">
      <title lang="ja_JP">グリーン チーム 羊毛部屋</title>
      <message>
        <line>[`5Wool Room`r] This is `2Green Team`r Wool Room.</line>
        <line>[`5Wool Room Information`r] `2Green Team`r should defend Own Team's wool rooms against enemy who are trying to steal the wool.</line>
      </message>
      <message lang="ja_JP">
        <line>[`5羊毛部屋`r] ここは `2グリーン チーム`r の羊毛部屋です。</line>
        <line>[`5羊毛部屋に関して`r] `グリーン チーム`r は羊毛を奪取しようとする敵の攻撃から自身のチームの羊毛部屋を防衛する必要があります。</line>
      </message>
      <teleport>
        <point yaw="0" pitch="0">0.5,40,68.5</point>
      </teleport>
    </stage>

    <stage title="Red Team Wool Room">
      <title lang="ja_JP">レッド チーム 羊毛部屋</title>
      <message>
        <line>[`5Wool Room`r] This is `4Red Team`r Wool Room.</line>
        <line>[`5Wool Room Information`r] `4Red Team`r should defend Own Team's wool rooms against enemy who are trying to steal the wool.</line>
      </message>
      <message lang="ja_JP">
        <line>[`5羊毛部屋`r] ここは `4レッド チーム`r の羊毛部屋です。</line>
        <line>[`5羊毛部屋に関して`r] `4レッド チーム`r は羊毛を奪取しようとする敵の攻撃から自身のチームの羊毛部屋を防衛する必要があります。</line>
      </message>
      <teleport>
        <point yaw="-180" pitch="0">0.5,40,-68.5</point>
      </teleport>
    </stage>

    <stage title="GLHF">
      <message>
        <line>Good Luck! Have Fun!</line>
      </message>
      <message lang="ja_JP">
        <line>それではお楽しみください！</line>
      </message>
      <teleport>
        <point yaw="-90" pitch="0">-74.5,1.0,0.5</point>
      </teleport>
    </stage>
  </tutorial>

</map>
